Endpoint,HTTP Method,Controller,Action/Method,Domain/Feature,Description,Authentication,Authorization,Criticality,Criticality Reason,Domain Event,Audit Required,Log Required,Important Log Fields,Sensitive Data,Metrics Required,Recommended Metrics,Trace Required,Dependencies,Existing Observability,Observability Gap,Priority,Migration Status,Notes
api/guarantee-applications,POST,GuaranteeApplicationController,createGuaranteeApplication,ECGF / Guarantee Applications,"Creates or updates guarantee application for PFI. Validates PFI TIN from profile service (not request body). Validates product in bundle mapping. Checks duplicate active applications. Calculates guaranteeFee based on PFI cluster rates. Creates collateral records. Generates applicationNumber (GOA0001 format). If forApdate=1, updates existing Draft/Need_More_Info application.",Yes — AccessGuard (class-level),JWT + RBAC via Access Management Service,Critical,"Core ECGF workflow entry point — PFIs submit guarantee coverage applications for borrowers. Failure prevents new guarantee issuance. Complex validation chain (PFI identity, product eligibility, duplicate checks, fee calculation). Financial data (loan amounts, coverage rates) must be accurate.",ecgf.guarantee_application_created,Yes,Yes,"application_number, institution_name, product_id, loan_amount, coverage_rate, channel, customer_type, created_by, trace_id, span_id","nationalIdentificationNumber (16-digit NID), TINNumber, customerPhoneNumber, customerEmail, annualTurnover, loanAmount, coverageRate",Yes,"ecgf_guarantee_application_total{operation=create, channel, cluster}, ecgf_guarantee_application_duration_seconds",Yes,"DB: Guarantee.Applications (create/update), Guarantee.Collaterals (bulk create). HTTP: Profile Service (representative lookup), Product Service (bundle/product validation). HTTP: Access Management Service (guard).","LoggerService via Kafka logging.info. @Trace(), @Span() decorators.","No custom Prometheus metrics. No domain event (only Kafka logging). Logging exists but Winston-based, not SDK structured. No fee calculation audit trail.",P0,Not Started,"Security: TIN validated from JWT via Profile Service, not from request body (good pattern). Customer-facing: Yes (PFI users)."
api/guarantee-applications/:id/upload-files,PUT,GuaranteeApplicationController,uploadGuaranteeApplicationFiles,ECGF / Guarantee Applications,"Uploads supporting documents for guarantee application. Uses FileFieldsInterceptor with configured multer file fields. Validates application ownership. Uploads to file server, creates GuaranteeApplicationDocuments records.",Yes — AccessGuard (class-level),JWT + RBAC,High,Document upload is required before application submission. File server failure blocks the application process. Document integrity is important for compliance review.,No — file upload operation,No,Yes,"application_id, document_count, file_types[], file_sizes[], trace_id",JWT token. Document contents may contain sensitive business/financial information.,Yes,"ecgf_document_upload_duration_seconds{domain=guarantee_application}, ecgf_document_upload_total{status=success|failure}",Yes,DB: Guarantee.ApplicationDocuments (create). HTTP: File Management Service (upload). HTTP: Access Management Service (guard).,LoggerService via Kafka logging.info.,No file upload metrics. No file server latency tracking. No document validation logging.,P1,Not Started,Customer-facing: Yes (PFI users).
api/guarantee-applications/submit,POST,GuaranteeApplicationController,submitGuaranteeApplication,ECGF / Guarantee Applications,"Validates required documents uploaded. Changes status Draft -> Submitted. Starts GUARANTEE workflow (namespace=guarantee, entityType=APPLICATION). Records submittedAt timestamp.",Yes — AccessGuard (class-level),JWT + RBAC,Critical,Submission triggers the multi-step approval workflow. Failure prevents guarantee applications from entering review. Workflow start failure leaves application in limbo state. This is a key state transition in the ECGF lifecycle.,ecgf.guarantee_application_submitted,Yes,Yes,"application_id, application_number, institution_name, submitted_by, workflow_instance_id, trace_id",JWT token.,Yes,"ecgf_guarantee_application_submitted_total, ecgf_workflow_start_duration_seconds{namespace=guarantee, entity_type=APPLICATION}",Yes,DB: Guarantee.Applications (status update). HTTP: Workflow Service (start instance). Outbox: ProcurementPlanItemSubmitted event.,LoggerService via Kafka logging.info.,No submission metrics. No workflow start success/failure tracking. Outbox event uses reused topic name (ProcurementPlanItemSubmitted) — potential confusion.,P0,Not Started,"Customer-facing: Yes. Workflow namespace=guarantee, entityType=APPLICATION."
api/guarantee-applications/all,POST,GuaranteeApplicationController,getAllGuaranteeApplications,ECGF / Guarantee Applications,"Paginated list with filters (status, search, dates, productName). Search across customerName, applicationNumber, TINNumber, institutionName. Includes collaterals and documents.",Yes — AccessGuard (class-level),JWT + RBAC,Medium,Admin/CGF listing view. Read-only. Failure degrades management capability but doesn't block operations.,No — read-only listing,No,Yes,"page, limit, status_filter, search_term, result_count, trace_id","JWT token. Response contains customerName, TINNumber, NID in search results.",No,,Yes,DB: Guarantee.Applications (findAndCountAll with includes). HTTP: Access Management Service (guard).,LoggerService via Kafka logging.info.,No custom metrics. Standard logging adequate.,P2,Not Started,Customer-facing: Yes (admin/CGF view).
api/guarantee-applications/:id,GET,GuaranteeApplicationController,getGuaranteeApplicationById,ECGF / Guarantee Applications,"Returns single application with documents, collaterals, financial institution, products. Access control by role.",Yes — AccessGuard (class-level),JWT + RBAC,High,Detail view used during approval workflow review. Failure blocks reviewers from seeing application details.,No — read-only,No,Yes,"application_id, result_found, trace_id","JWT token. Response contains NID, TIN, phone, email, financial data.",No,,Yes,"DB: Guarantee.Applications with documents, collaterals, institution includes. HTTP: Access Management Service (guard).",LoggerService via Kafka logging.info.,No custom metrics.,P2,Not Started,Customer-facing: Yes.
api/guarantee-applications/our-applications,POST,GuaranteeApplicationController,getInstitutionGuaranteeApplications,ECGF / Guarantee Applications,Returns applications belonging to current user's PFI. Identifies PFI via Profile Service representative endpoint using JWT TIN.,Yes — AccessGuard (class-level),JWT + RBAC,High,PFI users need to see their own applications to track status and respond to information requests. Profile Service dependency for PFI identification.,No — read-only,No,Yes,"institution_name, result_count, trace_id",JWT token. TIN used for PFI identification.,No,,Yes,DB: Guarantee.Applications. HTTP: Profile Service (representative lookup). HTTP: Access Management Service (guard).,LoggerService via Kafka logging.info.,No custom metrics. Profile Service dependency invisible.,P2,Not Started,Customer-facing: Yes (PFI users).
api/guarantee-applications/:id/products,GET,GuaranteeApplicationController,getGuaranteeApplicationProducts,ECGF / Guarantee Applications,Returns products associated with a guarantee application's financial institution.,Yes — AccessGuard (class-level),JWT + RBAC,Low,Read-only product listing. Auxiliary data.,No — read-only,No,Yes,"application_id, trace_id",JWT token.,No,,No,DB: Application.FinancialInstitutionProducts. HTTP: Access Management Service (guard).,LoggerService via Kafka logging.info.,No gaps for its purpose.,P3,Not Started,
api/guarantee-applications/our-products,POST,GuaranteeApplicationController,getInstitutionGuaranteeApplicationProducts,ECGF / Guarantee Applications,Returns unique products across all guarantee applications for current user's PFI.,Yes — AccessGuard (class-level),JWT + RBAC,Low,Read-only product aggregation. Auxiliary data.,No — read-only,No,Yes,trace_id,JWT token.,No,,No,DB: Application.FinancialInstitutionProducts. HTTP: Profile Service. HTTP: Access Management Service (guard).,LoggerService via Kafka logging.info.,No gaps for its purpose.,P3,Not Started,
api/guarantee-applications/summary,POST,GuaranteeApplicationController,getGuaranteeApplicationSummary,ECGF / Guarantee Applications,Aggregates application counts by status. Supports PFI-scoped or all-applications view.,Yes — AccessGuard (class-level),JWT + RBAC,Medium,Dashboard data for management. Failure degrades visibility but doesn't block operations.,No — read-only aggregation,No,Yes,"scope (pfi|all), counts_by_status, trace_id",JWT token.,No,,Yes,DB: Guarantee.Applications (GROUP BY status). HTTP: Access Management Service (guard).,LoggerService via Kafka logging.info.,No custom metrics.,P3,Not Started,Customer-facing: Yes (dashboard).
api/guarantee-applications/:applicationId/comments,POST,GuaranteeApplicationController,addApplicationComment,ECGF / Guarantee Applications,"Adds comment to guarantee application. Creates GuaranteeApplicationComment record with actor, action (APPROVE/REJECT/REQUEST_INFO/REPLY), responsibleRole. Supports threaded replies via parentCommentId.",Yes — AccessGuard (class-level),JWT + RBAC,High,Comments are the communication channel during workflow review. Actions (APPROVE/REJECT/REQUEST_INFO) drive state transitions. Missing comments break the review process.,ecgf.guarantee_application_comment_added,Yes,Yes,"application_id, comment_action, responsible_role, commenter_id, parent_comment_id, trace_id",JWT token. Comment content may contain sensitive review notes.,Yes,ecgf_application_comment_total{action=approve|reject|request_info|reply},Yes,DB: Guarantee.ApplicationComments (create). HTTP: Access Management Service (guard).,LoggerService via Kafka logging.info.,No comment metrics. No audit trail metrics for review actions.,P1,Not Started,Customer-facing: Yes (reviewers).
api/guarantee-applications/:applicationId/comments,GET,GuaranteeApplicationController,getApplicationComments,ECGF / Guarantee Applications,Returns all comments for an application ordered by creation date.,Yes — AccessGuard (class-level),JWT + RBAC,Medium,Read-only comment listing for review context.,No — read-only,No,Yes,"application_id, result_count, trace_id",JWT token.,No,,Yes,DB: Guarantee.ApplicationComments. HTTP: Access Management Service (guard).,LoggerService via Kafka logging.info.,No gaps for its purpose.,P3,Not Started,
api/guarantee-applications/lookup,POST,GuaranteeApplicationController,lookupGuaranteeApplication,ECGF / Guarantee Applications,Quick lookup by applicationNumber or NID/TIN.,Yes — AccessGuard (class-level),JWT + RBAC,Medium,"Search utility. Failure is an inconvenience, not a blocker.",No — read-only,No,Yes,"search_type (applicationNumber|NID|TIN), search_value, trace_id",JWT token. NID/TIN in search query.,No,,Yes,DB: Guarantee.Applications. HTTP: Access Management Service (guard).,LoggerService via Kafka logging.info.,No gaps for its purpose.,P3,Not Started,
api/guarantee/generate/agreement,GET,GuaranteeController,generateGuaranteeTemplate,ECGF / Guarantee Documents,Batch-generates GFA (Guarantee Framework Agreement) PDFs. Finds first un-picked Approved PFI. Fetches HTML template from Configuration Service. Renders with PFI values. Generates PDF. Uploads to file server. Saves to GfaDocuments with GFA-xxx reference. Marks PFI as picked=true.,No — UNPROTECTED (public endpoint),None,Critical,GFA generation is a critical step in the guarantee lifecycle — produces the legal framework agreement document. Unprotected endpoint handling sensitive PFI data. Batch processing with no concurrency control visible. Template rendering failure produces invalid legal documents.,ecgf.gfa_generated,Yes,Yes,"institution_id, institution_name, gfa_reference, template_source, pdf_generation_duration_ms, trace_id, span_id","TIN, email, officeLocation embedded in generated PDF. PFI signing details.",Yes,"ecgf_gfa_generation_total{status=success|failure}, ecgf_gfa_generation_duration_seconds, ecgf_gfa_pending_count",Yes,"DB: Application.FinancialInstitutionsApplications (find unpicked + update picked). Guarantee.GfaDocuments (create). HTTP: Configuration Service (template fetch), File Management Service (PDF upload).","Extensive step-by-step LoggerService logging. @Trace(), @Span() decorators.",SECURITY: Endpoint is unprotected — anyone can trigger GFA generation. No batch processing metrics. No template rendering failure tracking. No rate limiting.,P0,Not Started,SECURITY: Public endpoint that generates legal documents. Must add authentication. Customer-facing: No (internal/batch). Has best logging in module.
api/guarantee/:applicationId/guarantee-framework,GET,GuaranteeController,viewGuarantee,ECGF / Guarantee Documents,Returns most recent GfaDocument for given applicationId. Excludes renderedContent from response.,Yes — AccessGuard,JWT + RBAC,Medium,GFA document viewing. Read-only.,No — read-only,No,Yes,"application_id, gfa_document_id, trace_id",JWT token.,No,,Yes,DB: Guarantee.GfaDocuments. HTTP: Access Management Service (guard).,LoggerService via Kafka logging.info.,No gaps for its purpose.,P3,Not Started,
api/guarantee/:gfaDocumentId/upload,POST,GuaranteeController,uploadGuaranteeFramework,ECGF / Guarantee Documents,Uploads signed GFA document. Validates not already uploaded. Calls iBank APEX for PFI corporate account onboarding/verification (checkoutAccount). Uploads file to file server. Creates child GfaDocument record. For HIBRID/PORTFOLIO channel: creates invoice at Payment Service with commitment rate calculation.,Yes — AccessGuard,JWT + RBAC,Critical,Signed GFA upload activates the guarantee framework. Triggers iBank APEX corporate account setup and invoice creation. Multiple external system dependencies — any failure blocks the guarantee activation. Financial calculations (commitment fee) must be accurate.,ecgf.gfa_signed_uploaded,Yes,Yes,"gfa_document_id, institution_id, channel, apex_account_status, invoice_created, commitment_amount, trace_id, span_id","Settlement account number (p_num_cpt), settlement account identifier (p_pin_clt), signed GFA document content.",Yes,"ecgf_gfa_upload_total{status=success|failure}, ecgf_apex_onboarding_duration_seconds, ecgf_invoice_creation_total{status=success|failure}",Yes,"DB: Guarantee.GfaDocuments (update + create child). HTTP: iBank APEX (OAuth + corporate onboarding), File Management Service (upload), Payment Service (invoice creation).",LoggerService via Kafka logging.info.,No iBank APEX latency tracking. No invoice creation metrics. Settlement account data handling not logged. Critical multi-system transaction with no observability on individual step failures.,P0,Not Started,Customer-facing: Yes (PFI uploads signed GFA). HARD_CODED_COMMITMENT_RATE used for fee calculation.
api/guarantee/generate/letter-of-guarantee,GET,GuaranteeController,generateLetterOfGuarantee,ECGF / Guarantee Documents,"Batch processes approved guarantee applications to generate LoG PDFs. Uses SELECT FOR UPDATE SKIP LOCKED to claim batches (limit: GUARANTEE_APPLICATION_PROCESS_LIMIT, default 15). Sets processing=true to prevent concurrent processing. For each: fetches signatories by role, downloads signature images, fetches product-specific LoG template, renders PDF with embedded signatures, uploads to file server, creates LOGInvoiceJobStatus record, async-fires invoice generation. On failure releases claim.",No — UNPROTECTED (public/batch),None,Critical,"LoG generation produces the legally binding guarantee letter. Database-level locking (SKIP LOCKED) for concurrency. Multiple external service dependencies per application (Auth, Config, File, Payment, iBank APEX). Batch failures can leave applications in processing=true limbo. Signature embedding requires role-based staff lookup.",ecgf.log_generated,Yes,Yes,"batch_size, applications_processed, applications_failed, signatory_roles, template_source, processing_duration_ms, trace_id, span_id","Signatory signature URLs, TIN, settlement accounts, borrower details embedded in LoG PDF.",Yes,"ecgf_log_generation_total{status=success|failure}, ecgf_log_generation_batch_size, ecgf_log_generation_duration_seconds, ecgf_log_generation_stuck_count (processing=true for >threshold)",Yes,"DB: Guarantee.Applications (SELECT FOR UPDATE SKIP LOCKED), Guarantee.GuaranteeLetterDocuments (create), Guarantee.LOGInvoiceJobStatus (create). HTTP: Auth Service (signatory lookup by role), Configuration Service (template), File Management Service (PDF + signature uploads), Payment Service (invoice), iBank APEX (settlement account).",Extensive step-by-step LoggerService logging.,SECURITY: Endpoint is unprotected. No batch processing metrics. No stuck-processing detection. No per-application failure tracking in metrics. Critical batch job with no alerting capability.,P0,Not Started,SECURITY: Public endpoint that generates legally binding documents with embedded signatures. Must add authentication. Customer-facing: No (internal batch). SKIP LOCKED concurrency is a good pattern.
api/guarantee/generate/generate-invoice,GET,GuaranteeController,resolvePendingInvoice,ECGF / Guarantee Documents,Retries all pending invoice jobs (status=READY). Batch size limited by INVOICE_MAX_BATCH (default 100). Verifies application still approved. Calls iBank APEX for settlement account. Posts invoice to Payment Service. Retries up to INVOICE_MAX_RETRY (default 5) then marks FAILED.,No — UNPROTECTED (public/batch),None,Critical,Invoice generation drives the payment/billing workflow. Failure means PFIs are not billed for guarantee coverage. Retry mechanism with max attempts prevents infinite loops but failed invoices need manual intervention.,ecgf.invoice_batch_resolved,No,Yes,"batch_size, invoices_resolved, invoices_failed, retry_counts, trace_id","Settlement account numbers, invoice amounts.",Yes,"ecgf_invoice_resolution_total{status=success|failure|max_retry_exceeded}, ecgf_invoice_pending_count, ecgf_invoice_resolution_duration_seconds",Yes,"DB: Guarantee.LOGInvoiceJobStatus (find READY, update status). HTTP: iBank APEX (settlement account), Payment Service (create invoice).",LoggerService via Kafka logging.info.,SECURITY: Endpoint is unprotected. No invoice resolution metrics. No alerting on FAILED invoices. No visibility into retry exhaustion.,P0,Not Started,SECURITY: Public endpoint that triggers financial operations. Must add authentication. Customer-facing: No (internal batch).
api/guarantee/generate/generate-invoice/:applicationId,GET,GuaranteeController,resolveSingleInvoice,ECGF / Guarantee Documents,Retries a single pending invoice job for specific application. Same logic as batch but for one application.,Yes — AccessGuard,JWT + RBAC,High,Manual retry for a single failed invoice. Used when batch retry has exhausted attempts or for targeted resolution.,ecgf.invoice_single_resolved,No,Yes,"application_id, invoice_status, trace_id","Settlement account numbers, invoice amounts.",Yes,"ecgf_invoice_resolution_total{status=success|failure, scope=single}",Yes,"DB: Guarantee.LOGInvoiceJobStatus. HTTP: iBank APEX, Payment Service.",LoggerService via Kafka logging.info.,No individual invoice resolution metrics.,P1,Not Started,
api/guarantee/:applicationId/letter-of-guarantee,GET,GuaranteeController,viewLetterOfGuarantee,ECGF / Guarantee Documents,Returns most recent GuaranteeLetterDocument for given applicationId. Excludes renderedContent.,Yes — AccessGuard,JWT + RBAC,Medium,LoG document viewing. Read-only.,No — read-only,No,Yes,"application_id, log_document_id, trace_id",JWT token.,No,,Yes,DB: Guarantee.GuaranteeLetterDocuments. HTTP: Access Management Service (guard).,LoggerService via Kafka logging.info.,No gaps for its purpose.,P3,Not Started,
api/guarantee-loans/initiate,POST,GuaranteeLoansController,initiateApplication,ECGF / Guarantee Loans,"Creates/updates loan applications with product-specific field validation for 4 lending types: icpcLending, microLending, graduateAgribusinessLending, microbusinessCreditLine. Checks duplicate active applications. Creates Applicant if not exists. Creates LoanCollateral records. Uses ValidationPipe with groups=['initiate']. Status set to Draft.",Yes — AccessGuard (class-level),JWT + RBAC,Critical,"Entry point for guarantee-backed loan applications. Multiple lending type validations. Applicant identity creation. Financial data (loan amounts, interest rates) must be accurate. Duplicate detection prevents data corruption.",ecgf.guarantee_loan_initiated,Yes,Yes,"application_id, lending_type, loan_amount, product_id, applicant_id, is_update, trace_id","nationalId, tinNumber, customerPhoneNumber, customerEmail, loanAmount, interestRate",Yes,"ecgf_guarantee_loan_total{operation=initiate, lending_type}",Yes,"DB: Application.LoanApplications (create/update), Application.Applicants (findOrCreate), Application.LoanCollaterals (bulk create). HTTP: Profile Service, Product Service, Access Management Service.",LoggerService via Kafka logging.info.,No custom metrics. No lending type breakdown tracking.,P0,Not Started,Customer-facing: Yes (PFI users/borrowers). 4 distinct lending type validation paths.
api/guarantee-loans/:id/documents,POST,GuaranteeLoansController,addDocuments,ECGF / Guarantee Loans,Validates application ownership and status (Draft/IN_PROGRESS). Creates LoanApplicationDocument records from URL-based document metadata.,Yes — AccessGuard (class-level),JWT + RBAC,High,Document submission required before loan application can proceed.,No — document management,No,Yes,"application_id, document_count, trace_id",JWT token. Document URLs.,No,,Yes,DB: Application.LoanApplicationDocuments (create). HTTP: Access Management Service (guard).,LoggerService via Kafka logging.info.,No document upload metrics.,P2,Not Started,Customer-facing: Yes.
api/guarantee-loans/:id/submit,POST,GuaranteeLoansController,submitApplication,ECGF / Guarantee Loans,Changes status from Draft to SUBMITTED. Validates ownership.,Yes — AccessGuard (class-level),JWT + RBAC,Critical,Loan submission is a key state transition. Failure prevents loan applications from entering the review pipeline.,ecgf.guarantee_loan_submitted,Yes,Yes,"application_id, submitted_by, trace_id",JWT token.,Yes,ecgf_guarantee_loan_submitted_total,Yes,DB: Application.LoanApplications (status update). HTTP: Access Management Service (guard).,LoggerService via Kafka logging.info.,No submission metrics. No status transition tracking.,P0,Not Started,Customer-facing: Yes.
api/guarantee-loans/all,POST,GuaranteeLoansController,getLoanApplications,ECGF / Guarantee Loans,"Paginated list with extensive filters: status, search (applicant name/phone/email/NID, application fields), dates, productName, loanType, applicationType, businessSector, pfiName, pfiTinNumber, applicationIdentifier, tinNumber, bundleName, upi. Includes nested applicant and collateral associations.",Yes — AccessGuard (class-level),JWT + RBAC,Medium,Admin listing view. Read-only.,No — read-only listing,No,Yes,"page, limit, filters, result_count, trace_id","JWT token. Response contains applicant PII (name, NID, phone, email).",No,,Yes,"DB: Application.LoanApplications with Applicant, Collateral includes. HTTP: Access Management Service (guard).",LoggerService via Kafka logging.info.,No custom metrics.,P2,Not Started,
api/guarantee-loans/applicant/all,POST,GuaranteeLoansController,getApplicantLoanApplications,ECGF / Guarantee Loans,Same as /all but filtered by current user's applicantId from JWT.,Yes — AccessGuard (class-level),JWT + RBAC,Medium,Applicant self-service view.,No — read-only,No,Yes,"applicant_id, result_count, trace_id",JWT token.,No,,Yes,DB: Application.LoanApplications. HTTP: Access Management Service (guard).,LoggerService via Kafka logging.info.,No custom metrics.,P3,Not Started,Customer-facing: Yes (borrowers).
api/guarantee-loans/pfi/all,POST,GuaranteeLoansController,getLoanApplicationsByPfi,ECGF / Guarantee Loans,Filters by PFI's registrationNumber obtained from Profile Service representative endpoint.,Yes — AccessGuard (class-level),JWT + RBAC,Medium,PFI view of their loan applications.,No — read-only,No,Yes,"pfi_registration_number, result_count, trace_id",JWT token.,No,,Yes,"DB: Application.LoanApplications. HTTP: Profile Service (representative), Access Management Service (guard).",LoggerService via Kafka logging.info.,No custom metrics. Profile Service dependency invisible.,P2,Not Started,Customer-facing: Yes (PFI users).
api/guarantee-loans/stats,GET,GuaranteeLoansController,getLoanApplicationStats,ECGF / Guarantee Loans,Aggregates counts by status with GROUP BY. Supports fetchFor='all'|'onlyForApplicant'|'onlyForPfi'.,Yes — AccessGuard (class-level),JWT + RBAC,Low,Dashboard statistics. Read-only aggregation.,No — read-only,No,Yes,"fetch_for, counts_by_status, trace_id",JWT token.,No,,No,DB: Application.LoanApplications (GROUP BY). HTTP: Access Management Service (guard).,LoggerService via Kafka logging.info.,No gaps for its purpose.,P3,Not Started,
api/guarantee-loans/:id,GET,GuaranteeLoansController,getLoanApplication,ECGF / Guarantee Loans,Returns single application with details. Uses SQL Server ROW_NUMBER() window function to get latest document per documentType.,Yes — AccessGuard (class-level),JWT + RBAC,High,Detail view for review. SQL Server-specific query pattern.,No — read-only,No,Yes,"application_id, trace_id",JWT token. Response contains applicant PII and financial data.,No,,Yes,DB: Application.LoanApplications with ROW_NUMBER() window function. HTTP: Access Management Service (guard).,LoggerService via Kafka logging.info.,No custom metrics.,P2,Not Started,Uses SQL Server-specific ROW_NUMBER() — not portable to other DBs.
api/financial-institutions,POST,FinancialInstitutionsController,create,ECGF / PFI Onboarding,Onboards a PFI. Validates TIN via Profile Service. Validates products against bundle mapping from Product Service. Checks duplicate channel registration. Creates FinancialInstitution with applicationNumber (GOA0001 format). Creates product snapshot records. Supports INDIVIDUAL and HIBRID/PORTFOLIO channels with guaranteeLine for portfolio type.,Yes — AccessGuard (class-level),JWT + RBAC,Critical,"PFI onboarding is the entry point for new financial institutions into the ECGF platform. Without onboarding, PFIs cannot submit guarantee applications. TIN validation against Profile Service ensures identity. Product mapping ensures valid product offerings.",ecgf.pfi_onboarded,Yes,Yes,"institution_name, tin, cluster, channel, guarantee_line, product_count, created_by, trace_id, span_id","TIN (max 9 digits), phoneNumber, email, representativePhoneNumber, representativeEmail, capital, guaranteeLine, nplRatio, commissionFee",Yes,"ecgf_pfi_onboarding_total{cluster, channel}, ecgf_pfi_onboarding_duration_seconds",Yes,"DB: Application.FinancialInstitutionsApplications (create), Application.FinancialInstitutionProducts (bulk create). HTTP: Profile Service (TIN validation), Product Service (bundle/product mapping), Access Management Service (guard).","LoggerService via Kafka logging.info. @Trace(), @Span().",No custom metrics. No PFI onboarding tracking by cluster/channel.,P0,Not Started,"Customer-facing: Yes (PFI users). Cluster types: MFI, Commercial Bank, SACCO, COPEDU, Banking."
api/financial-institutions/:id/upload-files,PUT,FinancialInstitutionsController,uploadFinancialInstitutionFiles,ECGF / PFI Onboarding,Uploads onboarding documents for PFI application. Uses FileFieldsInterceptor with configured multer file fields.,Yes — AccessGuard (class-level),JWT + RBAC,High,Document upload required before PFI submission.,No — file upload,No,Yes,"institution_id, document_count, trace_id",JWT token. Document contents may contain sensitive PFI financial information.,Yes,ecgf_document_upload_duration_seconds{domain=pfi_onboarding},Yes,"DB: Application.FinancialInstitutionDocuments. HTTP: File Management Service, Access Management Service (guard).",LoggerService via Kafka logging.info.,No file upload metrics.,P1,Not Started,Customer-facing: Yes.
api/financial-institutions/submit,POST,FinancialInstitutionsController,submit,ECGF / PFI Onboarding,"Validates required documents (requiredFiles + loanPortifolio for portfolio channel). Starts PFI_ONBOARDING workflow (namespace=pfi_onboarding, entityType=PFI_ONBOARDING). Updates status to Submitted with taskId.",Yes — AccessGuard (class-level),JWT + RBAC,Critical,Submission triggers multi-step PFI approval workflow. Failure prevents PFI from entering review. Workflow start failure leaves application in limbo.,ecgf.pfi_application_submitted,Yes,Yes,"institution_id, institution_name, workflow_instance_id, trace_id",JWT token.,Yes,"ecgf_pfi_submission_total, ecgf_workflow_start_duration_seconds{namespace=pfi_onboarding}",Yes,DB: Application.FinancialInstitutionsApplications (status update). HTTP: Workflow Service (start instance). Outbox: ProcurementPlanItemSubmitted.,LoggerService via Kafka logging.info.,No submission metrics. No workflow start tracking.,P0,Not Started,"Customer-facing: Yes. Workflow namespace=pfi_onboarding, entityType=PFI_ONBOARDING."
api/financial-institutions/all,POST,FinancialInstitutionsController,getAll,ECGF / PFI Onboarding,Paginated list with filters. Includes products and documents.,Yes — AccessGuard (class-level),JWT + RBAC,Medium,Admin listing. Read-only.,No — read-only listing,No,Yes,"page, limit, filters, result_count, trace_id",JWT token.,No,,Yes,DB: Application.FinancialInstitutionsApplications with includes. HTTP: Access Management Service (guard).,LoggerService via Kafka logging.info.,No custom metrics.,P2,Not Started,
api/financial-institutions/dropdown,GET,FinancialInstitutionsController,getDropdownList,ECGF / PFI Onboarding,"Returns approved PFIs filtered by cluster type and search. Attributes: id, institutionName, cluster, TIN.",Yes — AccessGuard (class-level),JWT + RBAC,High,Used by guarantee application and loan application forms to select PFI. Failure blocks new application creation.,No — read-only,No,Yes,"cluster_filter, search, result_count, trace_id",JWT token.,No,,Yes,DB: Application.FinancialInstitutionsApplications (status=Approved). HTTP: Access Management Service (guard).,LoggerService via Kafka logging.info.,No custom metrics.,P2,Not Started,Customer-facing: Yes (used in application forms).
api/financial-institutions/:id,GET,FinancialInstitutionsController,getDetails,ECGF / PFI Onboarding,Returns single PFI with products and documents.,Yes — AccessGuard (class-level),JWT + RBAC,Medium,PFI detail view. Read-only.,No — read-only,No,Yes,"institution_id, trace_id",JWT token.,No,,Yes,DB: Application.FinancialInstitutionsApplications with includes. HTTP: Access Management Service (guard).,LoggerService via Kafka logging.info.,No custom metrics.,P3,Not Started,
api/financial-institutions/our-applications,POST,FinancialInstitutionsController,getInstitutionOnboardingApplication,ECGF / PFI Onboarding,Returns PFI's own onboarding applications. Identifies PFI via Profile Service representative endpoint.,Yes — AccessGuard (class-level),JWT + RBAC,Medium,PFI self-service view.,No — read-only,No,Yes,"institution_name, result_count, trace_id",JWT token.,No,,Yes,"DB: Application.FinancialInstitutionsApplications. HTTP: Profile Service, Access Management Service (guard).",LoggerService via Kafka logging.info.,No custom metrics.,P3,Not Started,Customer-facing: Yes (PFI users).
api/financial-institutions/:id/products,GET,FinancialInstitutionsController,getOnboardingProducts,ECGF / PFI Onboarding,Returns products for specific onboarding application.,Yes — AccessGuard (class-level),JWT + RBAC,Low,Product listing. Read-only auxiliary data.,No — read-only,No,Yes,"institution_id, trace_id",JWT token.,No,,No,DB: Application.FinancialInstitutionProducts. HTTP: Access Management Service (guard).,LoggerService via Kafka logging.info.,No gaps for its purpose.,P3,Not Started,
api/financial-institutions/our-products,POST,FinancialInstitutionsController,getInstitutionOnboardingApplicationProducts,ECGF / PFI Onboarding,Returns unique products across all onboarding applications for current user's PFI.,Yes — AccessGuard (class-level),JWT + RBAC,Low,Product aggregation. Read-only.,No — read-only,No,Yes,trace_id,JWT token.,No,,No,"DB: Application.FinancialInstitutionProducts. HTTP: Profile Service, Access Management Service (guard).",LoggerService via Kafka logging.info.,No gaps for its purpose.,P3,Not Started,
api/financial-institutions/summary,POST,FinancialInstitutionsController,getInstitutionApplicationSummary,ECGF / PFI Onboarding,Aggregates application counts by status with optional PFI scope.,Yes — AccessGuard (class-level),JWT + RBAC,Low,Dashboard statistics.,No — read-only aggregation,No,Yes,"scope, counts_by_status, trace_id",JWT token.,No,,No,DB: Application.FinancialInstitutionsApplications (GROUP BY). HTTP: Access Management Service (guard).,LoggerService via Kafka logging.info.,No gaps for its purpose.,P3,Not Started,
api/loan-applications,POST,LoanApplicationController,create,ECGF / Loan Applications,Creates or updates loan application. Validates representative via Profile Service. Finds PFI by TIN from JWT (security: ignores TIN in request body). Validates product in bundle mapping. Checks duplicate active applications. Handles draft/needMoreInfo updates with forApdate flag. Creates collaterals. Generates applicationCode (LOAN-xxx format).,Yes — AccessGuard (class-level),JWT + RBAC,Critical,"Direct loan application entry point for PFIs. Complex validation chain (PFI identity, product eligibility, duplicate checks). Financial data accuracy is critical. Security: TIN from JWT, not request body.",ecgf.loan_application_created,Yes,Yes,"application_code, institution_type, total_loan_amount, product_id, bundle_id, created_by, trace_id, span_id","TIN (from JWT), phoneNumber, email, totalLoanAmount, interestRate, collateral values",Yes,"ecgf_loan_application_total{operation=create, institution_type}",Yes,"DB: Loan.Applications (create/update), Loan.ApplicationCollateral (bulk create). HTTP: Profile Service (representative), Product Service (bundle/product), Access Management Service (guard).","LoggerService via Kafka logging.info. @Trace(), @Span().",No custom metrics. No institution type breakdown tracking.,P0,Not Started,Customer-facing: Yes (PFI users). Security: TIN validated from JWT via Profile Service.
api/loan-applications/:id/upload-files,PUT,LoanApplicationController,uploadApplicationFiles,ECGF / Loan Applications,"Uploads required documents (loanApplicationForm, creditMemo). Uses FileFieldsInterceptor with loanApplicationMulterFiles.",Yes — AccessGuard (class-level),JWT + RBAC,High,Document upload required before submission.,No — file upload,No,Yes,"application_id, document_types, trace_id","JWT token. Document contents (loan forms, credit memos).",Yes,ecgf_document_upload_duration_seconds{domain=loan_application},Yes,"DB: Loan.ApplicationDocuments. HTTP: File Management Service, Access Management Service (guard).",LoggerService via Kafka logging.info.,No file upload metrics.,P1,Not Started,Customer-facing: Yes.
api/loan-applications/submit,POST,LoanApplicationController,submit,ECGF / Loan Applications,"Validates required documents and collateral (UPI required for House/Plot types). Starts LOAN workflow (namespace=loan, entityType=LOAN_APPLICATION). For needMoreInfo status, resumes existing workflow instead. Status -> Submitted.",Yes — AccessGuard (class-level),JWT + RBAC,Critical,Submission triggers multi-step loan approval workflow. Collateral validation (UPI for real estate) is a compliance requirement. Workflow start vs resume logic based on application status.,ecgf.loan_application_submitted,Yes,Yes,"application_id, application_code, workflow_action (start|resume), trace_id",JWT token.,Yes,"ecgf_loan_application_submitted_total, ecgf_workflow_start_duration_seconds{namespace=loan}",Yes,DB: Loan.Applications (status update). HTTP: Workflow Service (start/resume instance). Outbox: LoanApplicationSubmitted.,LoggerService via Kafka logging.info.,No submission metrics. No workflow start/resume tracking.,P0,Not Started,"Customer-facing: Yes. Workflow namespace=loan, entityType=LOAN_APPLICATION."
api/loan-applications/all,POST,LoanApplicationController,getAll,ECGF / Loan Applications,Paginated list with filters.,Yes — AccessGuard (class-level),JWT + RBAC,Medium,Admin listing. Read-only.,No — read-only listing,No,Yes,"page, limit, filters, result_count, trace_id",JWT token.,No,,Yes,DB: Loan.Applications with includes. HTTP: Access Management Service (guard).,LoggerService via Kafka logging.info.,No custom metrics.,P2,Not Started,
api/loan-applications/pfi-list,GET,LoanApplicationController,getPfiList,ECGF / Loan Applications,Returns approved PFIs with products (status=Approved). Used for PFI selection dropdown.,Yes — AccessGuard (class-level),JWT + RBAC,High,PFI dropdown used in loan application forms. Failure blocks new applications.,No — read-only,No,Yes,"search, result_count, trace_id",JWT token.,No,,Yes,DB: Application.FinancialInstitutionsApplications. HTTP: Access Management Service (guard).,LoggerService via Kafka logging.info.,No custom metrics.,P2,Not Started,Customer-facing: Yes.
api/loan-applications/config,GET,LoanApplicationController,getConfig,ECGF / Loan Applications,"Returns static config: LOAN_ELIGIBILITY_SECTORS (12 sectors), LOAN_EXPENDITURE_CATEGORIES (CapEx/OpEx/Mixed), LOAN_ACTIVITY_TYPES (9 types).",Yes — AccessGuard (class-level),JWT + RBAC,Low,Static configuration data. No business logic.,No — static config,No,No,trace_id,JWT token.,No,,No,None (static data). HTTP: Access Management Service (guard).,LoggerService via Kafka logging.info.,No gaps for its purpose.,P3,Not Started,
api/loan-applications/:id/review,POST,LoanApplicationController,reviewApplication,ECGF / Loan Applications,"PFI reviewer action (Approve/Reject/Need More Info). Uses SELECT FOR UPDATE locking. Creates LoanApplicationReviewLog audit entry (action, comment, reviewerId, reviewerName, reviewerRole). Sends borrower notification via setImmediate (async, outside transaction).",Yes — AccessGuard (class-level),JWT + RBAC,Critical,PFI review decision determines loan application outcome. SELECT FOR UPDATE prevents concurrent reviews. Audit trail (LoanApplicationReviewLog) is compliance-critical. Notification sent asynchronously to borrower.,ecgf.loan_application_reviewed,Yes,Yes,"application_id, review_action (Approve|Reject|Need More Info), reviewer_id, reviewer_role, trace_id",JWT token. Review comment may contain sensitive assessment details.,Yes,"ecgf_loan_review_total{action=approve|reject|need_more_info}, ecgf_loan_review_duration_seconds",Yes,"DB: Loan.Applications (SELECT FOR UPDATE, status update), Loan.LoanApplicationReviewLogs (create). HTTP: Notification Service (async email), Access Management Service (guard).",LoggerService via Kafka logging.info.,"No review metrics. No audit trail metrics. Notification delivery not tracked (async, fire-and-forget).",P0,Not Started,Customer-facing: Yes (PFI reviewers). Audit via LoanApplicationReviewLogs table. Notification sent via setImmediate.
api/loan-applications/:id,GET,LoanApplicationController,getDetails,ECGF / Loan Applications,"Returns single loan application with documents, collateral, review logs.",Yes — AccessGuard (class-level),JWT + RBAC,High,Detail view for review. Includes audit trail (review logs).,No — read-only,No,Yes,"application_id, trace_id",JWT token. Response contains applicant PII and financial data.,No,,Yes,"DB: Loan.Applications with documents, collateral, review logs. HTTP: Access Management Service (guard).",LoggerService via Kafka logging.info.,No custom metrics.,P2,Not Started,
api/loan-applications/:id/rfi-response,PUT,LoanApplicationController,submitRfiResponse,ECGF / Loan Applications,Borrower responds to Need_More_Info. Uploads additional docs via AnyFilesInterceptor. Transitions to Resubmitted. Resumes workflow. Sends notification to operations.,Yes — AccessGuard (class-level),JWT + RBAC,High,Borrower response to information request. Resumes stalled workflow. File upload + status transition + workflow resume in one operation.,ecgf.loan_application_rfi_responded,Yes,Yes,"application_id, document_count, trace_id",JWT token. Additional documents.,Yes,ecgf_loan_rfi_response_total,Yes,"DB: Loan.Applications (status update), Loan.ApplicationDocuments (create). HTTP: File Management Service (upload), Workflow Service (resume), Notification Service (email). Outbox: LoanApplicationResubmitted.",LoggerService via Kafka logging.info.,No RFI response metrics. Workflow resume not tracked.,P1,Not Started,Customer-facing: Yes (borrowers). Multiple external calls in one handler.
api/claims/logs-in-default,GET,ClaimsController,getLogsInDefault,ECGF / Claims,"Gets PFI from user context via Profile Service. Finds approved LoGs for PFI. For each LoG, checks for defaulted loans (90+ pastDueDays from approved individual reports). Excludes LoGs with active claims. Returns eligible LoGs with outstanding amounts. Entry point for PFI claim submission.",Yes — AccessGuard (class-level),JWT + RBAC,High,"Determines which guarantees are eligible for claim submission based on loan default status. Complex business rules (90-455 day window). Multiple DB joins across guarantee letters, individual reports, and existing claims.",No — read-only eligibility check,No,Yes,"institution_id, eligible_log_count, total_outstanding, trace_id",JWT token. Outstanding loan amounts.,Yes,"ecgf_claims_eligible_logs_count, ecgf_claims_eligibility_check_duration_seconds",Yes,"DB: Guarantee.GuaranteeLetterDocuments, Guarantee.IndividualReportData, Guarantee.IndividualGuaranteeReports, Guarantee.GuaranteeClaims. HTTP: Profile Service, Access Management Service (guard).",Manual emitLog() to Kafka logging.info.,No eligibility check metrics. Complex multi-table query with no performance tracking.,P1,Not Started,Customer-facing: Yes (PFI users). Business rule: 90-455 pastDueDays window.
api/claims/log-references,GET,ClaimsController,getAllLogReferences,ECGF / Claims,Returns all LoG references for current user's PFI. Used in claim filters.,Yes — AccessGuard (class-level),JWT + RBAC,Low,Filter dropdown data. Read-only.,No — read-only,No,Yes,"result_count, trace_id",JWT token.,No,,No,DB: Guarantee.GuaranteeLetterDocuments. HTTP: Access Management Service (guard).,Manual emitLog().,No gaps for its purpose.,P3,Not Started,
api/claims/validate-log,POST,ClaimsController,validateLoG,ECGF / Claims,Validates LoG reference number. Finds GuaranteeLetterDocument. Validates linked GuaranteeApplication is Approved. Validates claim submission window: pastDueDays 90-455 days inclusive from approved reports only.,Yes — AccessGuard (class-level),JWT + RBAC,High,Pre-submission validation. Enforces business rules on claim eligibility. Prevents invalid claims from entering the system.,No — validation only,No,Yes,"log_reference, validation_result, past_due_days, trace_id",JWT token. LoG reference number.,No,,Yes,"DB: Guarantee.GuaranteeLetterDocuments, Guarantee.Applications, Guarantee.IndividualReportData. HTTP: Access Management Service (guard).",Manual emitLog().,No validation metrics.,P2,Not Started,"Customer-facing: Yes. Business rule: 90-455 pastDueDays window, approved reports only."
api/claims,GET,ClaimsController,getClaims,ECGF / Claims,"Role-based: business users see own claims (by pfiUserId from JWT), admins see all. Supports filters: status, dateRange, institutionName, logReferenceNumber, borrowerName. Resolves submitter names via Auth Service with 10-min in-memory cache.",Yes — AccessGuard (class-level),JWT + RBAC,Medium,Claims listing. Read-only with role-based access control.,No — read-only listing,No,Yes,"page, limit, filters, role, result_count, trace_id",JWT token. Financial data in claim records.,No,,Yes,"DB: Guarantee.GuaranteeClaims. HTTP: Auth Service (user name lookup, cached 10min), Access Management Service (guard).",Manual emitLog().,No custom metrics. Auth Service caching invisible.,P2,Not Started,Customer-facing: Yes.
api/claims/all,POST,ClaimsController,getAllClaims,ECGF / Claims,Returns all claims without user filtering. Any authenticated user gets all claims.,Yes — AccessGuard (class-level),JWT + RBAC,Medium,Unfiltered claims listing. No ownership check.,No — read-only,No,Yes,"result_count, trace_id",JWT token. Financial data.,No,,Yes,DB: Guarantee.GuaranteeClaims. HTTP: Access Management Service (guard).,Manual emitLog().,No access control beyond RBAC — any authenticated user sees all claims. Consider adding role-based filtering.,P2,Not Started,SECURITY NOTE: No ownership filtering — any authenticated user sees all claim data including financial amounts.
api/claims,POST,ClaimsController,createClaim,ECGF / Claims,"Validates LoG reference and claim submission window (90-455 pastDueDays). Checks no active claim exists. Validates 11 document types (pdf/xlsx/xls/jpg/jpeg/png, max 10MB). Uploads to File Management Service. Extracts immutable data from GuaranteeApplication. Fetches settlement account from PFI profile. Calculates guaranteeAmount = (outstandingPrincipal * coverageRate) / 100. Creates claim with CLM-YYYY-UUID format. Starts CLAIM workflow (namespace=claim, entityType=GUARANTEE_CLAIM). Sets workflowStage = 'Investment Analyst Review'.",Yes — AccessGuard (class-level),JWT + RBAC,Critical,"Claim submission initiates the guarantee payout process. Complex validation chain (LoG validity, time window, document completeness). Financial calculations (guarantee amount) must be exact. Starts multi-step claim review workflow. 11 document types with file validation. Multiple external service calls.",ecgf.claim_submitted,Yes,Yes,"claim_reference, log_reference, outstanding_principal, guarantee_amount, coverage_rate, document_count, workflow_instance_id, trace_id","outstandingPrincipal, guaranteeAmount, reportedBalance, claimAmount, paymentAccountNumber, paymentAccountName, paymentBankCode, coverageRate, settlement account details",Yes,"ecgf_claim_submitted_total, ecgf_claim_submission_duration_seconds, ecgf_claim_document_upload_duration_seconds",Yes,"DB: Guarantee.GuaranteeClaims (create), Guarantee.ClaimDocuments (bulk create), Guarantee.GuaranteeLetterDocuments, Guarantee.Applications, Guarantee.IndividualReportData. HTTP: File Management Service (11 doc types), Profile Service (settlement account), Workflow Service (start instance), Notification Service. HTTP: Access Management Service (guard).",Manual emitLog() to Kafka logging.info.,No claim submission metrics. No document upload tracking. No financial calculation audit. Critical multi-service transaction with no per-step observability.,P0,Not Started,"Customer-facing: Yes (PFI users). 11 document types: memoProjectFailure, callVisitReport, loanContract, signedLog, repaymentSchedule, recoveryActivities, guaranteeCommissionProof, securityPerfectionCertificate, otherDocuments, accountStatement, recoveryEvidence. Workflow namespace=claim."
api/claims/:claimReferenceId,PUT,ClaimsController,updateClaim,ECGF / Claims,Edit and resubmit claim. Allowed from submitted/resubmitted/needMoreInfo status. Recalculates guaranteeAmount. Replaces documents if new files provided. Sets status to resubmitted. Resumes workflow. Sends notification.,Yes — AccessGuard (class-level),JWT + RBAC,Critical,Claim resubmission with recalculated financial amounts. Workflow resume ensures review continues. Document replacement maintains audit trail.,ecgf.claim_resubmitted,Yes,Yes,"claim_reference, updated_fields, new_guarantee_amount, trace_id","Financial amounts, settlement account details, document contents.",Yes,ecgf_claim_resubmission_total,Yes,"DB: Guarantee.GuaranteeClaims (update), Guarantee.ClaimDocuments (replace). HTTP: File Management Service, Workflow Service (resume), Notification Service.",Manual emitLog().,No resubmission metrics. Financial recalculation not audited.,P0,Not Started,Customer-facing: Yes.
api/claims/:claimReferenceId/status,PUT,ClaimsController,updateClaimStatus,ECGF / Claims,Supports cancel/revoke. Only from submitted/resubmitted status. Requires reason (min 10 chars). Sends revocation notification.,Yes — AccessGuard (class-level),JWT + RBAC,High,Claim cancellation/revocation is a significant business action. Reason requirement ensures accountability.,ecgf.claim_status_changed,Yes,Yes,"claim_reference, new_status, reason, changed_by, trace_id",JWT token.,Yes,ecgf_claim_status_change_total{status=cancelled|revoked},Yes,"DB: Guarantee.GuaranteeClaims (status update). HTTP: Notification Service, Access Management Service (guard).",Manual emitLog().,No status change metrics.,P1,Not Started,Customer-facing: Yes. Reason min 10 chars.
api/claims/:claimReferenceId/workflow,GET,ClaimsController,getClaimWorkflow,ECGF / Claims,Gets workflow instance details by entityRef from Workflow Service.,Yes — AccessGuard (class-level),JWT + RBAC,Medium,Workflow status view. Read-only.,No — read-only,No,Yes,"claim_reference, workflow_status, trace_id",JWT token.,No,,Yes,HTTP: Workflow Service (getInstanceByEntityRef). HTTP: Access Management Service (guard).,Manual emitLog().,No custom metrics.,P3,Not Started,
api/claims/:claimReferenceId,GET,ClaimsController,getClaimByReference,ECGF / Claims,"Authorization check (own claims or admin). Adds coverageRate, productInfo, borrowerName to response.",Yes — AccessGuard (class-level),JWT + RBAC,High,Claim detail view with ownership check.,No — read-only,No,Yes,"claim_reference, trace_id","JWT token. Financial data, borrower info.",No,,Yes,DB: Guarantee.GuaranteeClaims. HTTP: Access Management Service (guard).,Manual emitLog().,No custom metrics.,P2,Not Started,
api/claims/:claimReferenceId/public,GET,ClaimsController,getClaimByReferencePublic,ECGF / Claims,No ownership check. Any authenticated user can view claim details.,Yes — AccessGuard (class-level),JWT + RBAC,Medium,Public claim view without ownership filtering.,No — read-only,No,Yes,"claim_reference, trace_id",JWT token. Financial data exposed without ownership check.,No,,Yes,DB: Guarantee.GuaranteeClaims. HTTP: Access Management Service (guard).,Manual emitLog().,SECURITY: No ownership filtering — any authenticated user sees claim financial data.,P2,Not Started,SECURITY NOTE: No ownership check on claim detail including financial amounts.
api/individual-reports/check-eligibility,GET,IndividualReportsController,checkEligibility,ECGF / Individual Reports,Checks if PFI is eligible for GFA reports. Migrated PFIs skip GFA check. Non-migrated need GFA documents.,Yes — AccessGuard (class-level),JWT + RBAC,Medium,Pre-submission eligibility check.,No — validation only,No,Yes,"institution_id, is_eligible, is_migrated, trace_id",JWT token.,No,,Yes,"DB: Guarantee.GfaDocuments, Application.FinancialInstitutionsApplications. HTTP: Access Management Service (guard).",LoggerService via Kafka logging.info.,No custom metrics.,P3,Not Started,Customer-facing: Yes (PFI users).
api/individual-reports/template,GET,IndividualReportsController,downloadTemplate,ECGF / Individual Reports,Builds Excel template with UNIFIED_REPORT_COLUMNS. Pre-fills active LoG references and application data. Includes ECGF-only columns conditionally. Pre-fills persisted values from previous submissions. Returns Excel buffer (binary download).,Yes — AccessGuard (class-level),JWT + RBAC,High,Template generation drives the reporting workflow. Pre-filled data must be accurate — incorrect LoG references or amounts lead to invalid submissions. ExcelJS processing can be memory-intensive for large portfolios.,No — template generation,No,Yes,"institution_id, log_count, pre_filled_rows, trace_id","JWT token. Pre-filled LoG references, application data, outstanding amounts.",Yes,ecgf_report_template_generation_duration_seconds,Yes,"DB: Guarantee.GuaranteeLetterDocuments, Guarantee.Applications, Guarantee.IndividualReportData. HTTP: Access Management Service (guard).",LoggerService via Kafka logging.info.,No template generation metrics. Memory usage not tracked for large Excel files.,P1,Not Started,Customer-facing: Yes. Uses ExcelJS for binary Excel generation.
api/individual-reports/validate,POST,IndividualReportsController,validateReport,ECGF / Individual Reports,"Validates uploaded Excel file. Detects columns from headers. Validates each row against column type requirements. Returns validation results without persisting. File: max 10MB, xlsx only.",Yes — AccessGuard (class-level),JWT + RBAC,Medium,Pre-submission validation. No data persistence.,No — validation only,No,Yes,"file_name, file_size, row_count, validation_errors[], trace_id",JWT token. Report data (loan performance details).,Yes,ecgf_report_validation_duration_seconds,Yes,HTTP: Access Management Service (guard). File processing (ExcelJS in-memory).,LoggerService via Kafka logging.info.,No validation metrics. ExcelJS processing duration not tracked.,P2,Not Started,Customer-facing: Yes. Max file size: 10MB. Only xlsx accepted.
api/individual-reports/submit,POST,IndividualReportsController,submitReport,ECGF / Individual Reports,"Checks GFA eligibility. Validates file. Uploads to file server. Creates IndividualGuaranteeReport (referenceId=IND-GR-xxx, status=SUBMITTED). Parses and stores report data with upsert on (reportId + applicationId + logReference). Starts GUARANTEE workflow (entityType=INDIVIDUAL_GUARANTEE_REPORT).",Yes — AccessGuard (class-level),JWT + RBAC,Critical,Individual guarantee reports are the foundation for claim eligibility assessment. pastDueDays data from these reports determines if a claim can be submitted. File upload + data parsing + workflow start in one operation.,ecgf.individual_report_submitted,Yes,Yes,"report_reference, institution_id, row_count, workflow_instance_id, trace_id","JWT token. Loan performance data (pastDueDays, outstanding amounts, borrower details).",Yes,"ecgf_individual_report_submitted_total, ecgf_report_processing_duration_seconds, ecgf_workflow_start_duration_seconds{entity_type=INDIVIDUAL_GUARANTEE_REPORT}",Yes,"DB: Guarantee.IndividualGuaranteeReports (create), Guarantee.IndividualReportData (bulk upsert). HTTP: File Management Service, Workflow Service (start instance), Access Management Service (guard).",LoggerService via Kafka logging.info.,No submission metrics. No data parsing duration tracking. Critical for downstream claim eligibility.,P0,Not Started,Customer-facing: Yes (PFI users). Data drives claim eligibility (pastDueDays). Workflow namespace=guarantee.
api/individual-reports/submit-consolidated,POST,IndividualReportsController,submitConsolidatedReport,ECGF / Individual Reports,"Complex multi-PFI processing. Parses Excel, groups by LoG reference -> PFI. Batch lookups PFIs. Validates user authorization per PFI. Creates separate isolated Excel workbooks per PFI (data isolation). Creates separate IndividualGuaranteeReport per PFI in single transaction. Starts workflows post-commit. Returns 207 Multi-Status with skipped PFIs and excluded rows.",Yes — AccessGuard (class-level),JWT + RBAC,Critical,Most complex endpoint in the module (~2189-line service). Multi-PFI data isolation is critical — one PFI must not see another's loan data. Transaction + post-commit workflow start pattern. Partial success (207) handling. Memory-intensive Excel processing.,ecgf.consolidated_report_submitted,Yes,Yes,"total_pfis, reports_created, rows_processed, rows_excluded, skipped_pfis[], trace_id",JWT token. Multi-PFI loan performance data. PFI identity cross-references.,Yes,"ecgf_consolidated_report_total, ecgf_consolidated_report_pfis_processed, ecgf_consolidated_report_duration_seconds, ecgf_consolidated_report_rows_excluded",Yes,"DB: Guarantee.IndividualGuaranteeReports (multi-create in transaction), Guarantee.IndividualReportData (bulk upserts). HTTP: File Management Service, Workflow Service (multiple start calls), Profile Service (batch PFI lookups), Access Management Service (guard).",LoggerService via Kafka logging.info.,No consolidated report metrics. No per-PFI processing tracking. No data isolation verification logging. 207 Multi-Status responses not tracked.,P0,Not Started,Customer-facing: Yes. Returns 207 Multi-Status. Most complex endpoint in ECGF. Data isolation between PFIs is critical.
api/individual-reports/:reportId,PUT,IndividualReportsController,updateReport,ECGF / Individual Reports,"Allows update when status is NEED_MORE_INFO or SUBMITTED. Re-validates, re-uploads, deletes old data, re-parses. Sets status to RESUBMITTED. Resumes workflow.",Yes — AccessGuard (class-level),JWT + RBAC,High,Report resubmission replaces all data — destructive update (deletes old report data). Workflow resume ensures review continues.,ecgf.individual_report_resubmitted,Yes,Yes,"report_id, row_count, trace_id",JWT token. Loan performance data.,Yes,ecgf_individual_report_resubmitted_total,Yes,"DB: Guarantee.IndividualGuaranteeReports (update), Guarantee.IndividualReportData (delete + re-create). HTTP: File Management Service, Workflow Service (resume), Access Management Service (guard).",LoggerService via Kafka logging.info.,No resubmission metrics. Destructive data replacement not audited.,P1,Not Started,Customer-facing: Yes. Destructive update — deletes old report data before re-creating.
api/individual-reports/all,POST,IndividualReportsController,getAllReports,ECGF / Individual Reports,"Paginated with filters (status, institutionId, dateRange, institutionName search).",Yes — AccessGuard (class-level),JWT + RBAC,Medium,Admin listing. Read-only.,No — read-only listing,No,Yes,"page, limit, filters, result_count, trace_id",JWT token.,No,,Yes,DB: Guarantee.IndividualGuaranteeReports with includes. HTTP: Access Management Service (guard).,LoggerService via Kafka logging.info.,No custom metrics.,P2,Not Started,
api/individual-reports/:id,GET,IndividualReportsController,getReportDetails,ECGF / Individual Reports,Returns single report with all report data rows and institution details.,Yes — AccessGuard (class-level),JWT + RBAC,Medium,Report detail view. Read-only.,No — read-only,No,Yes,"report_id, trace_id",JWT token. Loan performance data in report rows.,No,,Yes,DB: Guarantee.IndividualGuaranteeReports with IndividualReportData. HTTP: Access Management Service (guard).,LoggerService via Kafka logging.info.,No custom metrics.,P3,Not Started,
api/individual-reports/:id/download,GET,IndividualReportsController,downloadReport,ECGF / Individual Reports,"Returns Excel file. Access control: PFI can only download own reports, admins any. Fetches file from stored URL.",Yes — AccessGuard (class-level),JWT + RBAC,Medium,File download with ownership check.,No — file download,No,Yes,"report_id, requester_role, trace_id",JWT token.,No,,Yes,"DB: Guarantee.IndividualGuaranteeReports. HTTP: File retrieval, Access Management Service (guard).",LoggerService via Kafka logging.info.,No download tracking.,P3,Not Started,Customer-facing: Yes (PFI users).
api/individual-reports/my-reports,POST,IndividualReportsController,getMyReports,ECGF / Individual Reports,Filtered by user's PFI. Returns reports submitted by current user's institution.,Yes — AccessGuard (class-level),JWT + RBAC,Medium,PFI self-service view.,No — read-only,No,Yes,"institution_id, result_count, trace_id",JWT token.,No,,Yes,DB: Guarantee.IndividualGuaranteeReports. HTTP: Access Management Service (guard).,LoggerService via Kafka logging.info.,No custom metrics.,P3,Not Started,Customer-facing: Yes.
api/guarantees/active,GET,RestructuringController,getActiveGuarantees,ECGF / Restructuring,"Returns active, non-expired letters of guarantee with restructuring eligibility. Blocked if active restructure exists (status in submitted/underReview/approved). Includes PFI name.",Yes — AccessGuard (class-level),JWT + RBAC,High,Entry point for restructuring workflow. Business rules determine eligibility.,No — read-only eligibility check,No,Yes,"eligible_count, trace_id",JWT token. Guarantee coverage details.,No,,Yes,"DB: Guarantee.LettersOfGuarantee, Guarantee.GuaranteeRestructurings, Application.FinancialInstitutionsApplications. HTTP: Access Management Service (guard).",LoggerService via Kafka logging.info.,No eligibility metrics.,P2,Not Started,Customer-facing: Yes (PFI users).
api/guarantees/:logReference/restructuring-form,GET,RestructuringController,getRestructuringForm,ECGF / Restructuring,"Returns form defaults: coverageRate, expiryDate, borrowerName, paymentFrequencyOptions (Monthly/Quarterly/Semester/Bullet).",Yes — AccessGuard (class-level),JWT + RBAC,Low,Form pre-fill data. Read-only.,No — read-only,No,Yes,"log_reference, trace_id",JWT token.,No,,No,DB: Guarantee.LettersOfGuarantee. HTTP: Access Management Service (guard).,LoggerService via Kafka logging.info.,No gaps for its purpose.,P3,Not Started,
api/guarantees/:logReference/restructuring,POST,RestructuringController,createRestructuring,ECGF / Restructuring,"Validates active LoG. Enforces no active restructure exists. Validates supporting documents (size, mime, extension). Calculates revisedGuaranteedAmount = newLoanAmount * (revisedCoverageRate / 100). Creates with RST-YYYY-UUID reference. Creates document records. Starts GUARANTEE workflow (entityType=GUARANTEE_RESTRUCTURE). Sends notification.",Yes — AccessGuard (class-level),JWT + RBAC,Critical,Guarantee restructuring changes the terms of an active guarantee. Financial recalculation (revised guaranteed amount) must be accurate. Starts multi-step approval workflow. Compliance-critical operation.,ecgf.guarantee_restructuring_submitted,Yes,Yes,"restructuring_reference, log_reference, new_loan_amount, revised_coverage_rate, revised_guaranteed_amount, workflow_instance_id, trace_id","newLoanAmount, revisedInterestRate, revisedCoverageRate, revisedGuaranteedAmount, payment details.",Yes,"ecgf_restructuring_submitted_total, ecgf_restructuring_duration_seconds",Yes,"DB: Guarantee.GuaranteeRestructurings (create), Guarantee.GuaranteeRestructuringDocuments (create). HTTP: Workflow Service (start), Notification Service, Access Management Service (guard).",LoggerService via Kafka logging.info.,No restructuring metrics. Financial recalculation not audited.,P0,Not Started,"Customer-facing: Yes. Workflow namespace=guarantee, entityType=GUARANTEE_RESTRUCTURE. Reason min 10 chars."
api/guarantees/restructuring,GET,RestructuringController,getRestructurings,ECGF / Restructuring,Paginated. CGF users (admin/CGF Officer/CGF Manager roles) see all; others see own (by pfiUserId).,Yes — AccessGuard (class-level),JWT + RBAC,Medium,Restructuring listing with role-based access.,No — read-only,No,Yes,"role, result_count, trace_id",JWT token.,No,,Yes,DB: Guarantee.GuaranteeRestructurings. HTTP: Access Management Service (guard).,LoggerService via Kafka logging.info.,No custom metrics.,P3,Not Started,
api/guarantees/restructuring/:referenceId,GET,RestructuringController,getRestructuringDetail,ECGF / Restructuring,Returns restructuring with documents and LoG details. Same role-based access as list.,Yes — AccessGuard (class-level),JWT + RBAC,Medium,Restructuring detail view.,No — read-only,No,Yes,"restructuring_reference, trace_id",JWT token. Financial restructuring details.,No,,Yes,DB: Guarantee.GuaranteeRestructurings with documents and LoG. HTTP: Access Management Service (guard).,LoggerService via Kafka logging.info.,No custom metrics.,P3,Not Started,
api/external/bank-info/all,POST,ExternalApiController,fetchBankInfo,ECGF / External API,Paginated list of bank information. Filters by status (default Active) and bankClassification (default SACCO). Exposed for external consumers via API key.,Yes — ApiKeyGuard,API Key via x-api-key header,Medium,External-facing bank info endpoint for partner systems.,No — read-only,No,Yes,"classification_filter, status_filter, result_count, trace_id",API key in x-api-key header.,No,,Yes,DB: BankInfo. No external calls.,LoggerService via Kafka logging.info.,No custom metrics. API key usage not tracked.,P2,Not Started,"External-facing. Uses ApiKeyGuard, not JWT."
api/external/bank-info/details,POST,ExternalApiController,fetchBankInfoDetails,ECGF / External API,Returns single bank info by legalCode or bankCode. Validates bank is Active.,Yes — ApiKeyGuard,API Key via x-api-key header,Medium,External-facing single bank lookup.,No — read-only,No,Yes,"legal_code, bank_code, trace_id",API key. Bank financial codes.,No,,Yes,DB: BankInfo. No external calls.,LoggerService via Kafka logging.info.,No custom metrics.,P3,Not Started,External-facing.
api/external/applications/disbursed,GET,ExternalApiController,getDisbursedApplications,ECGF / External API,"Returns disbursed loan applications with land data. Joins BankInfoStatus (DISBURSED) with Application, Applicant, ApplicationDetail. Enriches with ESRI/Land Center data (landSize, district, sector, cell). Cached 5min in Redis.",Yes — ApiKeyGuard,API Key via x-api-key header,High,External reporting endpoint. Enriches with geospatial land data from ESRI/Land Center services. Redis caching (5min TTL). Multiple external service dependencies.,No — read-only,No,Yes,"result_count, page, limit, filters, esri_cache_hits, trace_id","API key. Applicant names, UPI (land parcel ID), loan/disbursement amounts.",Yes,"ecgf_external_disbursed_duration_seconds, ecgf_esri_lookup_total{cache=hit|miss}",Yes,"DB: Application tables (multi-join). HTTP: ESRI Service (cached 5min), Land Center Service (cached 5min).",LoggerService via Kafka logging.info.,No ESRI/Land Center latency metrics. No cache hit/miss tracking. External service failures invisible.,P1,Not Started,External-facing. ESRI + Land Center with Redis cache (5min TTL). Uses ApiKeyGuard.
Kafka: WorkflowCompleted,MessagePattern,WorkflowEventsController,completeWorkflow,ECGF / Workflow Events,"Routes to appropriate approval service based on entityType: PFI_ONBOARDING, APPLICATION (guarantee), LOAN_APPLICATION, GUARANTEE_CLAIM, INDIVIDUAL_GUARANTEE_REPORT. Records completed event to WorkflowInstance projection.",No — Kafka internal,None,Critical,Central workflow completion handler. Routes approval decisions to all ECGF sub-domains. Failure means approved/rejected applications never update their status. Database locking (SELECT FOR UPDATE) in approval services.,Routed: ecgf.workflow_completed,Yes,Yes,"entity_type, entity_ref, closed_reason (APPROVE|REJECT), workflow_instance_id, trace_id",None directly. Approval services handle sensitive data.,Yes,"ecgf_workflow_completed_total{entity_type, closed_reason}, ecgf_workflow_completion_duration_seconds",Yes,"DB: WorkflowInstance (projection update). Delegates to: PfiOnboardingApprovalService, GuaranteeApplicationApprovalService, LoanApplicationApprovalService, ClaimApprovalService, IndividualGuaranteeApprovalService.",LoggerService via Kafka logging.info.,No workflow completion metrics. No per-entity-type routing metrics. Critical handler with no alerting on failure.,P0,Not Started,Central routing hub. Failure affects ALL ECGF workflow-driven operations.
Kafka: WorkflowTaskCompleted,MessagePattern,WorkflowEventsController,workflowTaskCompleted,ECGF / Workflow Events,Routes to appropriate approval service for task-level completion (APPROVE/REJECT/REQUEST_INFO). Records task completion to projection. Includes extensive chain logging for GUARANTEE_CLAIM debugging.,No — Kafka internal,None,Critical,"Task-level approval handler. Drives intermediate state transitions (Draft->Under Review, Under Review->Need_More_Info). REQUEST_INFO logic checks for internal routing vs external (PFI) routing.",Routed: ecgf.workflow_task_completed,Yes,Yes,"entity_type, entity_ref, action (APPROVE|REJECT|REQUEST_INFO), step_name, assignee, trace_id",None directly. Approval services handle sensitive data.,Yes,"ecgf_workflow_task_completed_total{entity_type, action}",Yes,DB: WorkflowInstanceTask (projection update). Delegates to approval services (same as WorkflowCompleted).,LoggerService + extensive [CHAIN-1] through [CHAIN-7] debug logging for claims.,No task completion metrics. Debug chain logging is verbose but unstructured.,P0,Not Started,Central routing hub. [CHAIN-n] debug logs for claim approval workflow.
Kafka: WorkflowStarted,MessagePattern,WorkflowEventsController,workflowStarted,ECGF / Workflow Events,Records started event. Only handles PROCUREMENT namespace (ECGF workflow starts recorded via their own start calls).,No — Kafka internal,None,Medium,"Projection recording. ECGF workflows are started directly, not via this handler.",No — projection only,No,Yes,"namespace, entity_type, entity_ref, trace_id",None.,No,,Yes,DB: WorkflowInstance (projection create/update).,LoggerService via Kafka logging.info.,No custom metrics.,P3,Not Started,Only processes PROCUREMENT namespace — ECGF workflows bypass this.
Kafka: WorkflowTaskReady,MessagePattern,WorkflowEventsController,workflowTaskReady,ECGF / Workflow Events,"Upserts task to WorkflowInstanceTask projection. Resolves entity keys from payload or parent WorkflowInstance row. Records stepId, assignee, roleCode, state, requestInfoRoleCode.",No — Kafka internal,None,High,Task readiness drives reviewer assignment. Failure means tasks don't appear in reviewer queues.,No — projection only,No,Yes,"entity_type, entity_ref, step_id, assignee, role_code, trace_id",None.,Yes,ecgf_workflow_task_ready_total{entity_type},Yes,"DB: WorkflowInstanceTask (upsert), WorkflowInstance (lookup).",LoggerService via Kafka logging.info.,No task readiness metrics.,P1,Not Started,Failure means reviewers don't see assigned tasks.
Kafka: WorkflowTaskRequestInfo,MessagePattern,WorkflowEventsController,workflowTaskRequestInfo,ECGF / Workflow Events,Upserts task with REQUEST_INFO state. Preserves existing stepId/assignee if not in event payload.,No — Kafka internal,None,High,REQUEST_INFO drives Need_More_Info status transitions. Failure means applicants aren't notified of information requests.,No — projection only,No,Yes,"entity_type, entity_ref, request_info_role_code, trace_id",None.,No,,Yes,DB: WorkflowInstanceTask (upsert).,LoggerService via Kafka logging.info.,No custom metrics.,P2,Not Started,
Kafka: WorkflowTaskReassigned,MessagePattern,WorkflowEventsController,workflowTaskReassigned,ECGF / Workflow Events,Updates assignee on WorkflowInstanceTask.,No — Kafka internal,None,Medium,Task reassignment tracking.,No — projection only,No,Yes,"entity_type, entity_ref, new_assignee, trace_id",None.,No,,Yes,DB: WorkflowInstanceTask (update).,LoggerService via Kafka logging.info.,No custom metrics.,P3,Not Started,
Kafka: WorkflowCancelled,MessagePattern,WorkflowEventsController,workflowCancelled,ECGF / Workflow Events,Records cancellation. Currently only handles TENDER_LOT_CLARIFICATION for domain-specific action. Updates WorkflowInstance projection.,No — Kafka internal,None,Medium,Workflow cancellation tracking.,No — projection only,No,Yes,"entity_type, entity_ref, trace_id",None.,No,,Yes,DB: WorkflowInstance (update).,LoggerService via Kafka logging.info.,No custom metrics.,P3,Not Started,Currently only handles TENDER_LOT_CLARIFICATION — ECGF cancellations may not be handled.
api/forms,POST,FormController,createForm,ECGF / Forms,Creates form with fields and options in single transaction. Validates bundle exists via Product Service. Generates slug from title. Auto-increments displayOrder. Creates FormField records with validation JSON. Bulk creates FormFieldOption records.,Yes — AccessGuard (class-level),JWT + RBAC,High,Form definitions drive the dynamic application UI. Product Service dependency for bundle validation. Transaction-wrapped multi-entity creation.,ecgf.form_created,No,Yes,"form_title, bundle_id, field_count, trace_id",JWT token.,Yes,ecgf_form_operations_total{operation=create},Yes,"DB: Form.Forms (create), Form.FormFields (bulk create), Form.FormFieldOptions (bulk create) — in transaction. HTTP: Product Service (bundle validation), Access Management Service (guard).",LoggerService via Kafka logging.info.,No form creation metrics.,P2,Not Started,Admin operation. Forms drive application UI.
api/forms/all,POST,FormController,getAllForms,ECGF / Forms,"Paginated list with filters: name, slug, title, isActive.",Yes — AccessGuard (class-level),JWT + RBAC,Low,Admin listing. Read-only.,No — read-only,No,Yes,"page, limit, filters, result_count, trace_id",JWT token.,No,,No,DB: Form.Forms. HTTP: Access Management Service (guard).,LoggerService via Kafka logging.info.,No gaps.,P3,Not Started,
api/forms/fields,POST,FormController,createFormField,ECGF / Forms,Creates form field with auto-incremented displayOrder. Creates associated options if provided.,Yes — AccessGuard (class-level),JWT + RBAC,Medium,Form field management. Admin operation.,No — field creation,No,Yes,"form_id, field_name, input_type, trace_id",JWT token.,No,,Yes,"DB: Form.FormFields (create), Form.FormFieldOptions (create). HTTP: Access Management Service (guard).",LoggerService via Kafka logging.info.,No custom metrics.,P3,Not Started,
api/forms/fields/all,POST,FormController,fetchAllFormFields,ECGF / Forms,Paginated list of all form fields.,Yes — AccessGuard (class-level),JWT + RBAC,Low,Admin listing.,No — read-only,No,Yes,trace_id,JWT token.,No,,No,DB: Form.FormFields. HTTP: Access Management Service (guard).,LoggerService via Kafka logging.info.,No gaps.,P3,Not Started,
api/forms/:formId/fields,GET,FormController,fetchAllFormFieldsByFormId,ECGF / Forms,Returns all fields for a specific form.,Yes — AccessGuard (class-level),JWT + RBAC,Medium,Form field rendering data. Used by application UI.,No — read-only,No,Yes,"form_id, result_count, trace_id",JWT token.,No,,Yes,DB: Form.FormFields. HTTP: Access Management Service (guard).,LoggerService via Kafka logging.info.,No custom metrics.,P3,Not Started,Customer-facing: Yes (drives application form UI).
api/forms/fields/:formFieldId/options,POST,FormController,createFieldOptions,ECGF / Forms,Creates options for a specific form field with auto-incremented displayOrder.,Yes — AccessGuard (class-level),JWT + RBAC,Low,Form option management. Admin operation.,No — option creation,No,Yes,"field_id, option_count, trace_id",JWT token.,No,,No,DB: Form.FormFieldOptions. HTTP: Access Management Service (guard).,LoggerService via Kafka logging.info.,No gaps.,P3,Not Started,
api/forms/fields/:fieldOptionId/options,PATCH,FormController,fieldOptionReorder,ECGF / Forms,Reorders field options. Shifts affected options up/down using SQL literal within transaction.,Yes — AccessGuard (class-level),JWT + RBAC,Low,Display order management. Admin operation.,No — reorder operation,No,Yes,"field_option_id, new_order, trace_id",JWT token.,No,,No,DB: Form.FormFieldOptions (update in transaction). HTTP: Access Management Service (guard).,LoggerService via Kafka logging.info.,No gaps.,P3,Not Started,
api/forms/:bundleId/bundle,GET,FormController,fetchAllFormsByBundleId,ECGF / Forms,Returns all forms for a bundle with nested fields and options. Excludes timestamps.,Yes — AccessGuard (class-level),JWT + RBAC,High,Drives dynamic application form rendering for a specific product bundle. Customer-facing endpoint — failure prevents application form display.,No — read-only,No,Yes,"bundle_id, form_count, trace_id",JWT token.,No,,Yes,DB: Form.Forms with FormFields and FormFieldOptions includes. HTTP: Access Management Service (guard).,LoggerService via Kafka logging.info.,No custom metrics. High-frequency customer-facing endpoint with no latency tracking.,P2,Not Started,Customer-facing: Yes. Drives application form UI for bundles.
api/forms/input/types,GET,FormController,getFieldInputTypes,ECGF / Forms,"Returns all InputType records (text, password, email, url, tel, etc.).",Yes — AccessGuard (class-level),JWT + RBAC,Low,Static type catalog. Read-only.,No — read-only,No,No,trace_id,JWT token.,No,,No,DB: Form.InputTypes. HTTP: Access Management Service (guard).,LoggerService via Kafka logging.info.,No gaps.,P3,Not Started,
Kafka: GetOneDefaultField,MessagePattern,FormFieldsController,getOneDefaultField,ECGF / Forms (Kafka),Returns a single default form field by reference.,Yes — JwtAuthGuard (Kafka),JWT in Kafka message,Low,Form management via Kafka RPC. Internal service communication.,No — form management,No,No,trace_id,JWT token in Kafka message.,No,,No,DB: Form schema tables.,None.,No logging. Low priority — internal form management.,P3,Not Started,Kafka RPC handler for form management. Internal use only.
Kafka: GenerateForm,MessagePattern,FormFieldsController,generateFormInputs,ECGF / Forms (Kafka),Generates form inputs based on form reference.,Yes — JwtAuthGuard (Kafka),JWT in Kafka message,Low,Form management via Kafka RPC. Internal service communication.,No — form management,No,No,trace_id,JWT token in Kafka message.,No,,No,DB: Form schema tables.,None.,No logging. Low priority — internal form management.,P3,Not Started,Kafka RPC handler for form management. Internal use only.
Kafka: CreateGroup,MessagePattern,FormCreationController,createGroup,ECGF / Forms (Kafka),Creates a form group.,Yes — JwtAuthGuard (Kafka),JWT in Kafka message,Low,Form management via Kafka RPC. Internal service communication.,No — form management,No,No,trace_id,JWT token in Kafka message.,No,,No,DB: Form schema tables.,None.,No logging. Low priority — internal form management.,P3,Not Started,Kafka RPC handler for form management. Internal use only.
Kafka: UpdateGroup,MessagePattern,FormCreationController,updateGroup,ECGF / Forms (Kafka),Updates a form group.,Yes — JwtAuthGuard (Kafka),JWT in Kafka message,Low,Form management via Kafka RPC. Internal service communication.,No — form management,No,No,trace_id,JWT token in Kafka message.,No,,No,DB: Form schema tables.,None.,No logging. Low priority — internal form management.,P3,Not Started,Kafka RPC handler for form management. Internal use only.
Kafka: GetGroups,MessagePattern,FormCreationController,getGroups,ECGF / Forms (Kafka),Returns all form groups.,Yes — JwtAuthGuard (Kafka),JWT in Kafka message,Low,Form management via Kafka RPC. Internal service communication.,No — form management,No,No,trace_id,JWT token in Kafka message.,No,,No,DB: Form schema tables.,None.,No logging. Low priority — internal form management.,P3,Not Started,Kafka RPC handler for form management. Internal use only.
Kafka: GetGroup,MessagePattern,FormCreationController,getGroup,ECGF / Forms (Kafka),Returns single group by ID.,Yes — JwtAuthGuard (Kafka),JWT in Kafka message,Low,Form management via Kafka RPC. Internal service communication.,No — form management,No,No,trace_id,JWT token in Kafka message.,No,,No,DB: Form schema tables.,None.,No logging. Low priority — internal form management.,P3,Not Started,Kafka RPC handler for form management. Internal use only.
Kafka: GetInputTypes,MessagePattern,FormCreationController,getInputTypes,ECGF / Forms (Kafka),Returns all input types.,Yes — JwtAuthGuard (Kafka),JWT in Kafka message,Low,Form management via Kafka RPC. Internal service communication.,No — form management,No,No,trace_id,JWT token in Kafka message.,No,,No,DB: Form schema tables.,None.,No logging. Low priority — internal form management.,P3,Not Started,Kafka RPC handler for form management. Internal use only.
Kafka: ManageFormOptions,MessagePattern,FormOptionsController,manageFormOptions,ECGF / Forms (Kafka),Creates options and assigns to fields.,Yes — JwtAuthGuard (Kafka),JWT in Kafka message,Low,Form management via Kafka RPC. Internal service communication.,No — form management,No,No,trace_id,JWT token in Kafka message.,No,,No,DB: Form schema tables.,None.,No logging. Low priority — internal form management.,P3,Not Started,Kafka RPC handler for form management. Internal use only.
Kafka: GetOptionsByGroup,MessagePattern,FormOptionsController,getOptionsByGroup,ECGF / Forms (Kafka),Returns options by group name.,Yes — JwtAuthGuard (Kafka),JWT in Kafka message,Low,Form management via Kafka RPC. Internal service communication.,No — form management,No,No,trace_id,JWT token in Kafka message.,No,,No,DB: Form schema tables.,None.,No logging. Low priority — internal form management.,P3,Not Started,Kafka RPC handler for form management. Internal use only.
Kafka: GetOptionsGroups,MessagePattern,FormOptionsController,getOptionsGroups,ECGF / Forms (Kafka),Returns all option groups.,No — no guard,None,Low,Form management via Kafka RPC. Internal service communication.,No — form management,No,No,trace_id,None.,No,,No,DB: Form schema tables.,None.,No logging. Low priority — internal form management.,P3,Not Started,Kafka RPC handler for form management. Internal use only.
api/simulation/kataza/calculate,POST,SimulationController,calculate,ECGF / Simulation (Kataza),"Runs agricultural loan simulation. Calculates crop yields, costs, and loan viability based on inputs (crops, land size, season, district). Complex calculation engine.",Yes — AccessGuard (class-level),JWT + RBAC,Critical,Core Kataza simulation engine. Drives loan eligibility decisions for agricultural lending. Calculation accuracy directly affects loan amounts and terms.,ecgf.simulation_calculated,Yes,Yes,"simulation_id, crop_count, land_size, district, total_cost, total_revenue, trace_id","Applicant agricultural data, land UPI, financial projections.",Yes,"ecgf_simulation_total, ecgf_simulation_duration_seconds",Yes,DB: Simulation tables (create simulation + inputs + results). HTTP: Access Management Service (guard).,LoggerService via Kafka logging.info.,No custom metrics. No simulation performance tracking.,P0,Not Started,Customer-facing: Yes (farmers/borrowers).
api/simulation/kataza/simulations/:id,GET,SimulationController,getSimulation,ECGF / Simulation (Kataza),Returns simulation by ID with all inputs and results.,Yes — AccessGuard (class-level),JWT + RBAC,Medium,Simulation detail view. Read-only.,No — read-only,No,Yes,"simulation_id, trace_id",JWT token.,No,,Yes,DB: Simulation tables. HTTP: Access Management Service (guard).,LoggerService via Kafka logging.info.,No gaps for its purpose.,P3,Not Started,
api/simulation/kataza/seeds,GET,SimulationController,getSeeds,ECGF / Simulation (Kataza),Returns seeds dictionary.,Yes — AccessGuard (class-level),JWT + RBAC,Low,Reference data. Static catalog.,No — read-only,No,Yes,trace_id,JWT token.,No,,No,DB: Simulation.Seeds. HTTP: Access Management Service (guard).,LoggerService via Kafka logging.info.,No gaps for its purpose.,P3,Not Started,
api/simulation/kataza/validate/upi,POST,SimulationController,validateUpi,ECGF / Simulation (Kataza),Validates UPI (land parcel ID) against ESRI/Land Center services. Returns land size and location data. Redis cached (5min TTL).,Yes — AccessGuard (class-level),JWT + RBAC,High,Land parcel validation for loan simulation. ESRI/Land Center dependency. Failure blocks simulation for land-based loans.,No — validation,No,Yes,"upi, esri_cache_hit, land_size, district, trace_id","UPI (land parcel identifier), land ownership details.",Yes,"ecgf_upi_validation_duration_seconds, ecgf_esri_cache_total{hit|miss}",Yes,"DB: None. HTTP: ESRI Service (cached), Land Center Service (cached). Redis: UPI cache (5min TTL).",LoggerService via Kafka logging.info.,No custom metrics. No simulation performance tracking.,P1,Not Started,Customer-facing: Yes (farmers/borrowers).
api/simulation/kataza/dictionaries/crops,POST,SimulationController,getCropsDictionary,ECGF / Simulation (Kataza),Returns crops dictionary data.,Yes — AccessGuard (class-level),JWT + RBAC,Low,Reference data.,No — read-only,No,Yes,trace_id,JWT token.,No,,No,DB: Simulation.Crops. HTTP: Access Management Service (guard).,LoggerService via Kafka logging.info.,No gaps for its purpose.,P3,Not Started,
api/simulation/kataza/dictionaries/seeds,POST,SimulationController,getSeedsDictionary,ECGF / Simulation (Kataza),Returns seeds dictionary data.,Yes — AccessGuard (class-level),JWT + RBAC,Low,Reference data.,No — read-only,No,Yes,trace_id,JWT token.,No,,No,DB: Simulation.SeedDictionary. HTTP: Access Management Service (guard).,LoggerService via Kafka logging.info.,No gaps for its purpose.,P3,Not Started,
api/simulation/kataza/dictionaries/labor-activities,POST,SimulationController,getLaborActivitiesDictionary,ECGF / Simulation (Kataza),Returns labor activities dictionary.,Yes — AccessGuard (class-level),JWT + RBAC,Low,Reference data.,No — read-only,No,Yes,trace_id,JWT token.,No,,No,DB: Simulation.LaborActivitiesDictionary. HTTP: Access Management Service (guard).,LoggerService via Kafka logging.info.,No gaps for its purpose.,P3,Not Started,
api/simulation/kataza/dictionaries/fertilizers,POST,SimulationController,getFertilizersDictionary,ECGF / Simulation (Kataza),Returns fertilizers dictionary.,Yes — AccessGuard (class-level),JWT + RBAC,Low,Reference data.,No — read-only,No,Yes,trace_id,JWT token.,No,,No,DB: Simulation.FertilizerDictionary. HTTP: Access Management Service (guard).,LoggerService via Kafka logging.info.,No gaps for its purpose.,P3,Not Started,
api/simulation/kataza/dictionaries/pesticides-and-herbicides,POST,SimulationController,getPesticidesDictionary,ECGF / Simulation (Kataza),Returns pesticides and herbicides dictionary.,Yes — AccessGuard (class-level),JWT + RBAC,Low,Reference data.,No — read-only,No,Yes,trace_id,JWT token.,No,,No,DB: Simulation.PesticidesAndHerbicides. HTTP: Access Management Service (guard).,LoggerService via Kafka logging.info.,No gaps for its purpose.,P3,Not Started,
Kafka: GetOneApplication,MessagePattern,ApplicationsController,getOneApplication,ECGF / Applications (Kafka),Returns a single application by reference. Kafka RPC handler for inter-service queries.,No — Kafka internal,None,High,Used by other services to fetch application data. Failure blocks cross-service queries.,No — read-only query,No,Yes,"application_ref, trace_id",Application data including applicant PII.,No,,Yes,DB: Application.Applications with includes.,None.,No logging on Kafka handler.,P2,Not Started,Inter-service RPC. Used by workflow and other services.
Kafka: CalculateLoan,MessagePattern,ApplicationsController,calculateLoan,ECGF / Applications (Kafka),Calculates loan parameters based on simulation results. Kafka RPC handler.,No — Kafka internal,None,High,Loan calculation drives financial terms. Accuracy is critical.,No — calculation,No,Yes,"simulation_id, calculation_params, trace_id",Financial calculation inputs and results.,Yes,ecgf_loan_calculation_duration_seconds,Yes,DB: Application tables. Calculation logic.,None.,No logging. No calculation audit trail.,P1,Not Started,Financial calculation via Kafka RPC.
api/health,GET,AppController,getHealth,Health,"Returns { status: 'ok', timestamp, uptime }.",No,None,Low,Standard health check for Kubernetes probes.,No,No,No,,None.,No,,No,None.,None.,Adequate.,P3,Not Started,
