Endpoint,HTTP Method,Controller,Action/Method,Domain/Feature,Description,Authentication,Authorization,Criticality,Criticality Reason,Domain Event,Audit Required,Log Required,Important Log Fields,Sensitive Data,Metrics Required,Recommended Metrics,Trace Required,Dependencies,Existing Observability,Observability Gap,Priority,Migration Status,Notes
/api,GET,AppController,getHello,Core / Health,Returns basic service info.,None,None,Low,Static info endpoint.,No,No,Yes,request_id,No,No,,No,None,LoggerService.log,No metrics. No tracing.,P3,Not Started,
/api/health,GET,AppController,getHealth,Core / Health,Health check with status and uptime.,None,None,Low,Infrastructure health check.,No,No,No,,No,No,,No,None,None,No logging at all.,P3,Not Started,
/api/creditscore/eligibility/evaluate,POST,CreditScoreController,evaluateEligibility,Eligibility,Evaluate applicant eligibility (individual or business).,JWT Bearer (JwtAuthGuard),JwtAuthGuard (token verification + user decryption),Critical,"Core eligibility gate — determines if applicant proceeds to credit scoring. Creates CreditScore + CreditScoreEligibility records.",No,Yes,Yes,"applicant_type, application_id, eligible, crop_type, user_id, duration_ms","Yes — national ID, TIN",Yes,"eligibility_check_duration, eligibility_pass_rate, external_api_latency (NIDA/RDB)",Yes,"Access Control Service (NIDA validation or RDB company info), PostgreSQL (CreditScore + CreditScoreEligibility create)",LoggerService in EligibilityService (basic log/error),No structured logging. No domain events. No metrics. No tracing. No OTEL. Manual Performance timing only in external calls.,P0,Not Started,"Calls NIDA (individuals) or RDB (businesses) via Access Control Service. Stores eligibility result with decision status."
/api/creditscore/calculate,POST,CreditScoreController,calculateScore,Credit Scoring,"Full credit score calculation — KYC, land, financials, social impact metrics.",JWT Bearer (JwtAuthGuard),JwtAuthGuard (token verification + user decryption),Critical,"Core scoring engine. Multi-step: validate eligibility → populate DTO (NIDA + CRB + ESRI + simulation + account balance) → calculate 4 metric categories → risk assessment → store result.",No,Yes,Yes,"application_id, credit_score_id, total_score, risk_level, recommended, simulation_id, duration_ms","Yes — national ID, account balance, CRB data, financial data",Yes,"calculation_duration, score_distribution, risk_level_counter, external_api_latency (NIDA/CRB/ESRI/ApplicationService)",Yes,"Access Control Service (NIDA validation, CRB risk score, ESRI land data), Application Service (account balance decryption), PostgreSQL (Events, CreditScoreCalculation, ScoreDictionary reads + writes)",LoggerService with step-by-step logging in CreditScoreService.calculate,No structured logging. No domain events. No metrics. No tracing. Errors caught and returned as 200 with error statusCode (anti-pattern). Account balance logged in plaintext.,P0,Not Started,"Most complex endpoint. 5+ external API calls per request. Errors swallowed and returned as success with error statusCode. console.log('Error', error) in getAccountBalance."
/api/creditscore/store-simulation-data,POST,CreditScoreController,saveSimulationData,Simulation Data,Store simulation data in Events table.,JWT Bearer (JwtAuthGuard),JwtAuthGuard (token verification + user decryption),High,"Stores simulation results (UPI, loan amounts, DSCR, margins) for later credit score calculation.",No,Yes,Yes,"simulation_id, upi, total_loan, applicant_id","Yes — financial data (loan amounts, DSCR, margins)",Yes,"simulation_store_duration, simulation_count",Yes,PostgreSQL (Events create),LoggerService.log in storeSimulationData,No structured logging. No domain events. No metrics. No tracing. Errors swallowed as 200.,P1,Not Started,"Prerequisite for /calculate. isLandLeased value logged in plaintext."
/api/creditscore/eligibility/:id,GET,CreditScoreController,getEligibilityCheckById,Eligibility,Get eligibility check result by ID.,JWT Bearer (JwtAuthGuard),JwtAuthGuard (token verification + user decryption),Medium,Read-only eligibility lookup with decision status.,No,No,Yes,"eligibility_id, credit_score_id",No,Yes,request_duration,Yes,"PostgreSQL (CreditScoreEligibility + CreditScore findByPk)",LoggerService.log/error,No structured logging. No metrics. No tracing. Errors swallowed as 200.,P2,Not Started,Returns parsed evaluatedResults JSON + creditScore decision status.
/api/creditscore/calculations/:id,GET,CreditScoreController,getCreditScoreCalculationByCreditScoreId,Credit Scoring,Get credit score calculations with land parameters by credit score ID.,JWT Bearer (JwtAuthGuard),JwtAuthGuard (token verification + user decryption),Medium,"Read-only but calls ESRI API for live land data on each request.",No,No,Yes,"credit_score_id, simulation_id, crop_type","Yes — financial data (score breakdown)",Yes,"request_duration, esri_api_latency",Yes,"Access Control Service (ESRI land data), PostgreSQL (CreditScoreCalculation, CreditScoreEligibility, CreditScore, Events, ScoreDictionary reads)",LoggerService with ESRI logging,No structured logging. No metrics. No tracing. ESRI call on read makes this heavier than typical GET. Errors swallowed as 200.,P2,Not Started,"Requires simulationId query param. Calls ESRI on every read — no caching for this path (unlike in calculate flow)."
/api/creditscore/application/:id,GET,CreditScoreController,getCreditScoresByApplicationId,Credit Scoring,Get credit score calculation IDs by application ID.,JWT Bearer (JwtAuthGuard),JwtAuthGuard (token verification + user decryption),Low,Read-only ID lookup — returns only calculation IDs.,No,No,Yes,application_id,No,Yes,request_duration,No,"PostgreSQL (CreditScore + CreditScoreCalculation findAll)",LoggerService.log/error,No structured logging. No metrics. No tracing. Errors swallowed as 200.,P3,Not Started,Returns empty array if no scores found (no error).
/api/creditscore/:id,GET,CreditScoreController,getCreditScoreById,Credit Scoring,Get credit score by ID with calculation status.,JWT Bearer (JwtAuthGuard),JwtAuthGuard (token verification + user decryption),Low,Read-only credit score lookup.,No,No,Yes,credit_score_id,No,Yes,request_duration,No,"PostgreSQL (CreditScore findByPk + CreditScoreCalculation findAll)",LoggerService.log/error,No structured logging. No metrics. No tracing. Errors swallowed as 200.,P3,Not Started,Returns isCalculated boolean based on whether calculations exist.
